"WebURL","Title","Url","ItemCount","LastModified"
"http://lst-app/","Announcements","http://lst-app/Lists/Announcements","1","4/13/2015 6:38:18 PM"
"http://lst-app/","Calendar","http://lst-app/Lists/Calendar","0","4/13/2015 6:38:18 PM"
"http://lst-app/","Links","http://lst-app/Lists/Links","0","4/13/2015 6:38:18 PM"
"http://lst-app/","Reporting Metadata","http://lst-app/Lists/Reporting Metadata","11","4/13/2015 6:38:10 PM"
"http://lst-app/","Site Template Gallery","http://lst-app/_catalogs/wt","0","4/13/2015 6:38:00 PM"
"http://lst-app/","Tasks","http://lst-app/Lists/Tasks","0","4/13/2015 6:38:19 PM"
"http://lst-app/","Team Discussion","http://lst-app/Lists/Team Discussion","0","4/13/2015 6:38:18 PM"
"http://lst-app/subsite1/","Announcements","http://lst-app/subsite1/Lists/Announcements","1","4/24/2015 1:29:35 PM"
"http://lst-app/subsite1/","Calendar","http://lst-app/subsite1/Lists/Calendar","0","4/24/2015 1:29:36 PM"
"http://lst-app/subsite1/","Links","http://lst-app/subsite1/Lists/Links","0","4/24/2015 1:29:36 PM"
"http://lst-app/subsite1/","Shared Documents","http://lst-app/subsite1/Shared Documents","1","4/24/2015 1:30:10 PM"
"http://lst-app/subsite1/","Tasks","http://lst-app/subsite1/Lists/Tasks","0","4/24/2015 1:29:36 PM"
"http://lst-app/subsite1/","Team Discussion","http://lst-app/subsite1/Lists/Team Discussion","0","4/24/2015 1:29:35 PM"
"http://lst-app/subsite2/","Announcements","http://lst-app/subsite2/Lists/Announcements","1","4/25/2015 2:28:10 PM"
"http://lst-app/subsite2/","Calendar","http://lst-app/subsite2/Lists/Calendar","0","4/25/2015 2:28:11 PM"
"http://lst-app/subsite2/","Links","http://lst-app/subsite2/Lists/Links","0","4/25/2015 2:28:10 PM"
"http://lst-app/subsite2/","Shared Documents","http://lst-app/subsite2/Shared Documents","2","4/25/2015 2:32:02 PM"
"http://lst-app/subsite2/","Tasks","http://lst-app/subsite2/Lists/Tasks","0","4/25/2015 2:28:11 PM"
"http://lst-app/subsite2/","Team Discussion","http://lst-app/subsite2/Lists/Team Discussion","0","4/25/2015 2:28:10 PM"
